Segment,StartDistance,EndDistance,SegmentTime,ExitSpeed,MinimumSpeed,MeanSpeed,StdSpeed,EntrySpeed,BrakingPoint,BrakingDistance,BrakingDuration,MeanThrottle,StdThrottle,FullThrottlePercentage,NumberOfShifts,LowestGear,HighestGear,MinimumRPM,MaximumRPM,MeanRPM,StdRPM
0,0.0,718.865,8.393,215.922,221.783,276.522,31.762,310.668,31.944,103.038,1.572,98.293,8.51,97.619,1,7,8,10244,11668,11116.131,319.21
1,718.865,830.361,1.828,183.305,171.071,181.966,10.163,215.922,0.0,0.0,0.0,2.273,5.64,0.0,3,5,8,9634,11120,10277.615,461.64
2,830.361,1063.112,3.792,247.529,238.79,247.747,4.396,235.215,0.0,0.0,0.0,92.353,14.045,77.778,1,5,6,9402,11837,10839.222,745.755
3,1063.112,1197.159,1.895,228.708,227.0,237.155,8.196,246.0,46.566,42.933,0.643,79.306,17.204,25.0,0,6,6,11166,11914,11662.188,233.172
4,1197.159,1364.077,2.404,225.454,218.0,226.325,8.508,241.535,33.167,34.346,0.559,67.922,30.576,26.316,0,6,6,10444,11467,10979.789,281.442
5,1364.077,1521.509,2.477,192.897,194.03,212.162,13.322,235.749,44.629,8.587,0.138,60.225,43.591,42.105,1,5,6,10433,11503,10950.842,305.265
6,1521.509,1841.732,5.019,259.0,240.479,249.359,5.853,238.936,0.0,0.0,0.0,82.507,27.462,62.162,1,5,6,10497,11603,11086.135,318.456
7,1841.732,2265.843,5.431,247.62,246.461,262.404,15.026,287.0,33.349,34.346,0.476,91.615,25.066,89.796,2,6,7,10359,11755,11260.122,429.054
8,2265.843,2412.668,2.299,144.203,133.547,163.638,29.818,240.58,68.55,77.279,1.613,55.102,46.489,35.294,1,5,6,10071,12135,11343.765,635.72
9,2412.668,2743.644,5.683,246.919,257.988,261.655,1.677,256.377,0.0,0.0,0.0,87.046,28.913,79.487,4,4,7,8411,11464,10527.359,841.792
10,2743.644,2889.669,3.356,116.191,69.502,99.688,25.955,167.903,99.052,94.452,2.752,35.423,45.752,23.529,3,3,7,5626,10838,9370.412,1623.418
11,2889.669,3146.601,5.441,255.27,230.444,242.346,7.268,226.951,0.0,0.0,0.0,86.1,26.424,70.0,3,3,6,5092,11593,10056.733,1948.389
12,3146.601,3784.835,8.143,227.891,226.466,246.84,21.454,296.136,66.874,85.865,1.278,90.253,26.891,87.838,3,6,8,10160,11711,10840.446,446.799
13,3784.835,3947.333,2.787,178.908,164.366,175.261,11.142,207.744,91.988,68.692,1.314,39.167,44.135,26.316,3,4,7,10179,11210,10782.316,252.661
14,3947.333,5000.455,14.035,295.911,295.041,296.533,1.123,298.584,0.0,0.0,0.0,97.383,8.663,94.309,4,4,8,10346,11772,10898.65,389.4
15,5000.455,5379.615,6.333,101.821,93.457,106.223,13.139,157.535,107.495,85.865,2.399,71.997,43.639,70.455,3,3,8,6754,10604,9963.682,1097.514
16,5379.615,5461.516,2.47,180.485,96.0,129.337,28.134,105.554,52.012,0.0,0.0,42.593,29.71,0.0,0,3,3,7237,10012,8278.7,981.174
17,5461.516,5628.378,2.673,251.475,217.806,235.059,10.054,213.463,0.0,0.0,0.0,98.929,0.308,100.0,3,3,6,10410,11489,10961.211,326.214
18,5628.378,inf,1.778,,,,,,,,,99.354,0.339,100.0,1,6,7,10519,11474,10934.875,314.173
