Turn,BrakingPoint,BrakingDistance,BrakingDuration,EntrySpeed,ApexSpeed,ExitSpeed
1,31.944,103.038,1.572,310.668,221.783,215.922
2,,,,215.922,171.071,183.305
3,,,,235.215,238.79,247.529
4,46.566,42.933,0.643,246.0,227.0,228.708
5,33.167,34.346,0.559,241.535,218.0,225.454
6,44.629,8.587,0.138,235.749,194.03,192.897
7,,,,238.936,240.479,259.0
8,33.349,34.346,0.476,287.0,246.461,247.62
9,68.55,77.279,1.613,240.58,133.547,144.203
10,,,,256.377,257.988,246.919
11,99.052,94.452,2.752,167.903,69.502,116.191
12,,,,226.951,230.444,255.27
13,66.874,85.865,1.278,296.136,226.466,227.891
14,91.988,68.692,1.314,207.744,164.366,178.908
15,,,,298.584,295.041,295.911
16,107.495,85.865,2.399,157.535,93.457,101.821
17,52.012,0.0,0.0,105.554,96.0,180.485
18,,,,213.463,217.806,251.475
