Turn,StartDistance,EndDistance,BrakingDuration,BrakingDistance,BrakingPoint
1,0.0,0.0,0.0,0.0,0.0
2,0.0,0.0,0.0,0.0,0.0
3,804.169,878.115,1.596,73.947,37.272
4,979.792,1016.765,1.172,36.973,42.695
5,0.0,0.0,0.0,0.0,0.0
6,1839.42,1959.583,1.806,120.163,109.776
7,2061.26,2116.72,1.225,55.46,107.439
8,0.0,0.0,0.0,0.0,0.0
9,0.0,0.0,0.0,0.0,0.0
10,0.0,0.0,0.0,0.0,0.0
11,0.0,0.0,0.0,0.0,0.0
12,0.0,0.0,0.0,0.0,0.0
13,3919.167,3965.383,0.668,46.217,58.94
14,0.0,0.0,0.0,0.0,0.0
15,4908.202,4945.175,0.473,36.973,81.82
16,5388.854,5462.801,1.777,73.947,39.155
17,0.0,0.0,0.0,0.0,0.0
18,0.0,0.0,0.0,0.0,0.0
