Segment,SegmentTime,MeanSpeed,StdSpeed,MaximumSpeed,MinimumSpeed,MeanThrottle,StdThrottle,FullThrottlePercentage,NumberOfShifts,LowestGear,HighestGear,MinimumRPM,MaximumRPM,MeanRPM,StdRPM
0,5.418,294.198,12.361,307.967,266.43,98.746,0.424,100.0,1,7,8,10459,11617,10908.878,311.68
1,1.747,304.958,1.38,307.0,303.248,98.709,0.441,100.0,0,8,8,10708,10815,10758.294,42.262
2,3.041,287.787,35.674,306.0,181.973,63.307,46.25,57.692,0,8,8,8513,10814,10280.462,738.245
3,4.751,129.395,16.053,167.836,101.793,17.751,26.821,0.0,3,3,8,7094,10285,9006.053,841.682
4,4.305,157.105,49.091,225.987,89.756,79.695,32.87,65.0,2,3,5,6708,11188,9779.55,1705.762
5,9.292,285.851,29.192,318.0,210.981,83.526,35.218,82.5,6,5,8,10424,12041,11037.3,310.289
6,4.616,173.388,27.659,202.657,120.316,25.63,37.87,8.333,1,4,5,7438,12240,10288.25,1603.784
7,5.7,215.412,49.163,276.269,121.141,94.01,13.495,81.081,3,4,7,7649,11453,10512.514,985.538
8,6.259,302.682,10.843,314.0,278.252,99.0,0.505,100.0,1,7,8,10464,11595,11004.483,280.169
9,6.858,305.877,3.632,311.0,300.0,98.85,0.344,100.0,0,8,8,10620,10970,10800.281,120.048
10,0.547,307.066,2.143,310.0,304.195,98.009,0.023,100.0,0,8,8,10808,10919,10876.0,41.037
11,1.578,296.835,2.786,302.415,291.497,91.201,13.087,66.667,0,8,8,10100,10739,10474.4,155.025
12,1.904,268.283,13.855,287.843,240.68,31.064,22.419,0.0,2,6,8,9393,11053,10056.312,572.082
13,1.915,242.441,4.847,250.071,237.214,93.896,9.983,66.667,0,6,6,10703,11793,11151.933,261.218
14,10.356,299.886,19.853,319.0,253.321,87.37,29.7,85.106,4,6,8,10320,12045,11086.213,359.969
15,6.128,262.689,25.136,292.585,168.097,76.384,35.374,60.417,1,6,7,9104,11824,11080.604,665.524
16,2.223,125.586,15.285,156.49,110.136,17.801,23.343,0.0,2,3,7,7989,10319,8772.667,838.574
17,3.085,160.01,29.764,208.047,125.811,74.513,32.883,50.0,2,3,5,8931,11393,10365.312,801.267
18,2.325,239.91,15.192,262.962,213.423,99.0,0.0,100.0,2,5,7,10404,11653,11040.0,358.276
