Turn,EntrySpeed,MinimumSpeed,ExitSpeed
1,306.261,303.705,303.248
2,305.961,305.0,305.0
3,291.113,130.299,124.533
4,136.99,89.756,116.978
5,192.08,200.355,243.515
6,258.727,180.957,182.465
7,144.759,120.316,156.71
8,267.195,268.52,286.051
9,312.819,305.378,304.278
10,310.687,305.501,304.195
11,310.0,297.19,296.066
12,297.0,276.865,275.341
13,269.284,237.214,237.966
14,245.672,247.087,266.299
15,285.277,253.781,252.553
16,285.981,115.255,112.204
17,121.915,110.136,144.183
18,176.825,183.438,233.477
