Distance,Speed,RPM,Throttle,nGear,Brake,Time
0.0,266.43,10677,99.0,7,0,0.0
9.243,268.195,10762,99.0,7,0,0.123
18.487,269.96,10846,99.0,7,0,0.246
27.73,271.965,10913,99.0,7,0,0.367
36.973,273.974,10981,99.0,7,0,0.488
46.217,275.983,11047,99.0,7,0,0.609
55.46,277.634,11094,99.0,7,0,0.727
64.703,279.277,11142,99.0,7,0,0.846
73.947,280.92,11187,99.0,7,0,0.964
83.19,281.93,11242,99.0,7,0,1.082
92.433,282.904,11298,99.0,7,0,1.199
101.676,283.877,11354,99.0,7,0,1.316
110.92,284.845,11409,99.0,7,0,1.432
120.163,286.209,11449,99.0,7,0,1.548
129.406,287.647,11486,99.0,7,0,1.663
138.65,288.812,11527,99.0,7,0,1.778
147.893,289.887,11572,99.0,7,0,1.893
157.136,290.962,11616,99.0,7,0,2.007
166.38,292.086,11301,99.0,7,0,2.12
175.623,293.211,10972,99.0,7,0,2.233
184.866,294.336,10644,99.0,7,0,2.346
194.11,295.232,10459,99.0,7,0,2.459
203.353,295.797,10477,99.0,8,0,2.571
212.596,296.765,10497,99.0,8,0,2.683
221.84,297.956,10517,99.0,8,0,2.794
231.083,299.085,10539,99.0,8,0,2.906
240.326,299.774,10572,99.0,8,0,3.016
249.57,300.463,10602,99.0,8,0,3.127
258.813,301.152,10631,99.0,8,0,3.237
268.056,301.84,10654,99.0,8,0,3.348
277.3,302.528,10680,99.0,8,0,3.458
286.543,303.215,10708,99.0,8,0,3.567
295.786,303.9,10737,99.0,8,0,3.677
305.029,304.925,10750,99.0,8,0,3.786
314.273,306.003,10760,98.999,8,0,3.894
323.516,306.495,10783,98.753,8,0,4.003
332.759,306.985,10807,98.507,8,0,4.111
342.003,307.476,10829,98.262,8,0,4.219
351.246,307.967,10854,98.017,8,0,4.327
360.489,307.579,10858,98.0,8,0,4.435
369.733,307.127,10860,98.0,8,0,4.544
378.976,306.805,10851,98.0,8,0,4.653
388.219,306.533,10839,98.0,8,0,4.762
397.463,306.261,10827,98.0,8,0,4.87
406.706,305.956,10814,98.0,8,0,4.979
415.949,304.862,10788,98.0,8,0,5.089
425.193,304.0,10770,98.0,8,0,5.199
434.436,304.0,10770,98.0,8,0,5.308
443.679,304.0,10758,98.0,8,0,5.418
452.923,304.0,10733,98.0,8,0,5.527
462.166,304.0,10708,98.0,8,0,5.637
471.409,304.0,10711,98.0,8,0,5.746
480.653,304.0,10721,98.0,8,0,5.856
489.896,303.705,10721,98.295,8,0,5.966
499.139,303.248,10716,98.752,8,0,6.076
508.382,303.314,10721,99.0,8,0,6.186
517.626,303.998,10737,99.0,8,0,6.295
526.869,304.34,10746,99.0,8,0,6.404
536.112,304.681,10753,99.0,8,0,6.514
545.356,305.058,10761,99.0,8,0,6.623
554.599,305.961,10787,99.0,8,0,6.731
563.842,306.865,10813,99.0,8,0,6.84
573.086,307.0,10814,99.0,8,0,6.948
582.329,307.0,10815,99.0,8,0,7.057
591.572,306.754,10815,99.0,8,0,7.165
600.816,306.367,10815,99.0,8,0,7.274
610.059,305.987,10814,99.0,8,0,7.383
619.302,305.739,10796,99.0,8,0,7.492
628.546,305.491,10780,99.0,8,0,7.602
637.789,305.243,10763,99.0,8,0,7.711
647.032,305.0,10748,99.0,8,0,7.82
656.276,305.0,10750,99.0,8,0,7.929
665.519,305.0,10751,99.0,8,0,8.038
674.762,304.941,10750,99.0,8,0,8.148
684.005,304.252,10757,99.0,8,0,8.257
693.249,304.192,10763,99.0,8,0,8.367
702.492,304.494,10767,99.0,8,0,8.476
711.735,304.796,10771,99.0,8,0,8.585
720.979,305.111,10771,99.0,8,0,8.694
730.222,305.451,10764,99.0,8,0,8.803
739.465,305.79,10758,98.999,8,0,8.912
748.709,306.0,10691,86.383,8,0,9.02
757.952,306.0,10522,53.048,8,0,9.129
767.195,306.0,10353,19.7,8,0,9.238
776.439,301.555,10048,0.884,8,0,9.352
785.682,291.113,9552,0.608,8,0,9.473
794.925,280.672,9055,0.333,8,0,9.594
804.169,269.233,8513,0.032,8,1,9.728
813.412,246.428,8762,0.0,8,1,9.879
822.655,219.628,9147,0.0,8,1,10.048
831.899,197.381,9461,0.0,8,1,10.23
841.142,181.973,9673,0.0,8,1,10.424
850.385,167.836,9936,0.0,8,1,10.629
859.629,156.36,10284,0.0,5,1,10.846
868.872,143.696,9875,0.0,4,1,11.079
878.115,136.778,9449,0.0,3,1,11.324
887.358,130.299,8941,0.0,3,0,11.583
896.602,124.533,8548,0.0,3,1,11.851
905.845,116.665,8299,0.0,3,1,12.14
915.088,112.035,8661,20.757,3,0,12.436
924.332,115.889,8749,50.227,3,0,12.724
933.575,120.678,9298,69.744,3,0,13.0
942.818,129.249,9709,76.235,3,0,13.257
952.062,131.904,9620,57.41,3,0,13.499
961.305,134.449,9533,39.359,3,0,13.729
970.548,136.99,9447,21.345,3,0,13.961
979.792,139.69,9357,2.198,3,1,14.208
989.035,128.295,8736,0.0,3,1,14.473
998.278,122.545,8052,0.0,3,1,14.745
1007.522,108.826,7520,0.0,3,1,15.05
1016.765,101.793,7094,0.0,3,1,15.38
1026.008,94.608,6708,0.0,3,0,15.729
1035.252,89.756,6708,9.083,3,0,16.102
1044.495,91.171,6853,28.586,3,0,16.465
1053.738,96.093,7271,47.185,3,0,16.813
1062.982,102.622,8132,57.81,3,0,17.138
1072.225,109.803,8532,72.457,3,0,17.438
1081.468,116.978,9513,91.787,3,0,17.721
1090.711,134.246,10596,99.0,3,0,17.962
1099.955,147.629,11187,99.0,3,0,18.181
1109.198,159.125,10924,99.0,3,0,18.385
1118.441,168.619,10714,99.0,3,0,18.58
1127.685,175.833,11090,99.0,3,0,18.765
1136.928,183.49,11111,99.0,4,0,18.941
1146.171,192.08,10627,99.0,4,0,19.112
1155.415,200.355,10658,99.0,5,0,19.278
1164.658,205.736,10968,99.0,5,0,19.438
1173.901,210.578,11171,99.0,5,0,19.593
1183.145,216.044,11051,99.0,5,0,19.743
1192.388,221.353,10934,99.0,5,0,19.889
1201.631,225.987,10831,99.0,5,0,20.035
1210.875,229.153,10762,99.0,5,0,20.179
1220.118,232.347,10715,99.0,6,0,20.32
1229.361,236.312,10887,99.0,6,0,20.459
1238.605,240.116,11053,99.0,6,0,20.598
1247.848,241.818,11142,99.0,6,0,20.734
1257.091,243.515,11233,99.0,6,0,20.87
1266.334,245.93,11309,99.0,6,0,21.005
1275.578,248.458,11384,99.0,6,0,21.139
1284.821,250.44,11471,99.0,6,0,21.272
1294.064,252.995,11135,99.0,6,0,21.402
1303.308,255.768,10632,99.0,6,0,21.531
1312.551,258.37,10459,99.0,6,0,21.659
1321.794,260.83,10551,99.0,6,0,21.785
1331.038,263.28,10641,99.0,6,0,21.911
1340.281,265.561,10724,99.0,7,0,22.035
1349.524,267.771,10801,99.0,7,0,22.159
1358.768,270.336,10877,99.0,7,0,22.281
1368.011,273.181,10954,99.0,7,0,22.403
1377.254,274.694,11044,99.0,7,0,22.524
1386.498,276.359,11117,99.0,7,0,22.644
1395.741,278.063,11188,99.0,7,0,22.763
1404.984,279.666,11252,99.0,7,0,22.882
1414.228,281.14,11304,99.0,7,0,23.0
1423.471,282.725,11362,99.121,7,0,23.117
1432.714,284.467,11425,99.411,7,0,23.233
1441.958,286.195,11487,99.699,7,0,23.348
1451.201,287.921,11551,99.987,7,0,23.464
1460.444,289.369,11588,99.316,7,0,23.578
1469.687,290.598,11596,99.0,7,0,23.693
1478.931,291.664,11585,99.0,7,0,23.806
1488.174,292.727,11572,99.0,7,0,23.92
1497.417,294.043,11152,99.0,7,0,24.032
1506.661,295.448,10587,99.0,8,0,24.145
1515.904,296.681,10424,99.0,8,0,24.257
1525.147,297.804,10520,99.0,8,0,24.369
1534.391,298.759,10561,99.0,8,0,24.48
1543.634,299.68,10592,99.0,8,0,24.591
1552.877,300.795,10625,99.0,8,0,24.701
1562.121,302.015,10657,99.0,8,0,24.81
1571.364,303.235,10691,99.0,8,0,24.92
1580.607,304.127,10727,99.0,8,0,25.029
1589.851,304.469,10763,99.0,8,0,25.139
1599.094,304.809,10799,99.0,8,0,25.248
1608.337,305.674,10830,99.0,8,0,25.356
1617.581,307.207,10850,99.0,8,0,25.464
1626.824,308.74,10872,99.0,8,0,25.571
1636.067,309.496,10895,99.0,8,0,25.679
1645.311,310.092,10917,99.0,8,0,25.786
1654.554,310.687,10940,99.0,8,0,25.893
1663.797,311.253,10970,99.0,8,0,26.0
1673.04,311.787,11007,99.0,8,0,26.106
1682.284,312.353,11028,99.0,8,0,26.213
1691.527,312.942,11039,99.0,8,0,26.319
1700.77,313.531,11048,99.0,8,0,26.425
1710.014,314.107,11065,99.0,8,0,26.531
1719.257,314.636,11115,99.0,8,0,26.637
1728.5,315.324,11146,99.0,8,0,26.742
1737.744,316.368,11140,99.0,8,0,26.847
1746.987,317.129,11141,99.0,8,0,26.952
1756.23,317.458,11156,99.0,8,0,27.057
1765.474,317.786,11170,99.0,8,0,27.161
1774.717,318.0,11169,99.0,8,0,27.266
1783.96,318.0,11135,99.0,8,0,27.371
1793.204,318.0,11102,99.0,8,0,27.476
1802.447,317.65,11109,99.0,8,0,27.581
1811.69,317.128,11138,98.999,8,0,27.686
1820.934,316.781,11128,77.363,8,0,27.79
1830.177,316.492,11105,48.716,8,0,27.895
1839.42,316.196,11080,19.43,8,1,28.001
1848.663,313.169,11061,0.001,8,1,28.111
1857.907,304.759,11049,0.0,8,1,28.224
1867.15,295.978,11035,0.0,8,1,28.342
1876.393,285.998,10995,0.0,8,1,28.461
1885.637,271.409,10845,0.0,7,1,28.586
1894.88,258.727,10992,0.0,7,1,28.718
1904.123,246.212,11368,0.0,7,1,28.856
1913.367,234.045,12040,0.0,6,1,29.002
1922.61,227.627,11574,0.0,6,1,29.15
1931.853,220.69,11104,0.0,5,1,29.307
1941.097,210.981,10687,0.0,5,1,29.47
1950.34,202.404,10423,0.0,5,1,29.637
1959.583,199.12,10858,0.0,5,1,29.807
1968.827,195.655,11259,0.444,4,0,29.979
1978.07,189.49,11049,8.37,4,0,30.156
1987.313,182.606,10892,25.341,4,0,30.341
1996.557,180.957,11037,46.999,4,0,30.525
2005.8,182.465,11358,70.611,4,0,30.706
2015.043,184.78,11580,84.339,4,0,30.884
2024.287,187.548,11745,92.645,4,0,31.061
2033.53,192.524,11951,97.619,4,0,31.233
2042.773,197.325,12239,98.0,4,0,31.399
2052.016,201.661,12234,76.857,4,0,31.563
2061.26,202.657,11412,1.778,4,1,31.728
2070.503,196.976,11478,0.829,4,1,31.901
2079.746,189.229,11349,0.0,4,1,32.087
2088.99,171.364,10121,0.0,4,1,32.288
2098.233,160.657,9478,0.0,4,1,32.497
2107.476,153.465,8909,0.0,4,1,32.719
2116.72,144.759,8576,0.0,4,1,32.953
2125.963,138.49,8318,0.0,4,0,33.196
2135.206,132.561,8041,0.0,4,0,33.448
2144.45,130.163,7722,0.0,4,0,33.706
2153.693,124.136,7438,1.243,4,0,33.975
2162.936,120.316,7441,10.054,4,0,34.252
2172.18,121.141,7648,36.095,4,0,34.527
2181.423,123.739,7887,57.609,4,0,34.791
2190.666,129.404,8168,66.107,4,0,35.043
2199.91,134.446,8651,77.373,4,0,35.286
2209.153,139.477,9144,88.095,4,0,35.517
2218.396,148.79,9665,89.958,4,0,35.737
2227.64,156.71,10105,92.775,4,0,35.935
2236.883,164.12,10518,95.443,4,0,36.124
2246.126,171.397,10924,98.063,4,0,36.309
2255.369,178.638,11167,99.0,4,0,36.488
2264.613,185.827,11320,99.0,4,0,36.665
2273.856,192.385,10451,99.0,4,0,36.836
2283.099,198.72,10725,99.0,4,0,36.999
2292.343,204.974,11138,99.0,5,0,37.158
2301.586,211.138,11224,99.517,5,0,37.313
2310.829,216.169,11018,100.0,5,0,37.466
2320.073,219.32,10577,100.0,5,0,37.617
2329.316,222.909,10486,100.0,5,0,37.765
2338.559,226.777,10523,99.922,6,0,37.909
2347.803,231.813,10723,99.419,6,0,38.05
2357.046,236.513,10915,99.0,6,0,38.19
2366.289,239.526,11062,99.0,6,0,38.327
2375.533,242.52,11206,99.0,6,0,38.463
2384.776,245.821,11339,99.0,6,0,38.598
2394.019,248.914,11429,99.0,6,0,38.73
2403.263,251.536,11440,99.0,6,0,38.861
2412.506,254.12,11452,99.0,6,0,38.99
2421.749,256.87,11217,99.0,6,0,39.119
2430.992,260.066,10346,99.0,6,0,39.246
2440.236,263.22,10545,99.0,7,0,39.372
2449.479,265.407,10640,99.0,7,0,39.497
2458.722,267.195,10702,99.0,7,0,39.622
2467.966,268.52,10781,99.0,7,0,39.745
2477.209,269.836,10860,99.0,7,0,39.868
2486.452,271.927,10921,99.0,7,0,39.988
2495.696,274.098,10981,99.0,7,0,40.108
2504.939,276.269,11042,99.0,7,0,40.227
2514.182,278.252,11113,99.0,7,0,40.346
2523.426,279.518,11223,99.0,7,0,40.465
2532.669,280.781,11334,99.0,7,0,40.583
2541.912,282.212,11356,99.0,7,0,40.7
2551.156,283.669,11358,99.0,7,0,40.817
2560.399,285.083,11367,99.0,7,0,40.933
2569.642,286.051,11443,99.0,7,0,41.049
2578.886,287.015,11517,99.0,7,0,41.165
2588.129,287.979,11592,99.0,7,0,41.28
2597.372,289.396,11594,99.0,7,0,41.395
2606.616,290.544,11542,99.0,7,0,41.509
2615.859,291.491,11450,99.0,7,0,41.622
2625.102,292.438,11356,99.0,7,0,41.736
2634.345,293.457,11106,99.0,7,0,41.849
2643.589,294.585,10621,99.0,8,0,41.962
2652.832,295.591,10464,99.0,8,0,42.074
2662.075,296.527,10498,99.0,8,0,42.186
2671.319,297.458,10532,99.0,8,0,42.298
2680.562,298.576,10577,99.0,8,0,42.409
2689.805,299.953,10632,99.0,8,0,42.52
2699.049,300.759,10636,99.0,8,0,42.63
2708.292,301.542,10640,99.0,8,0,42.74
2717.535,302.164,10659,99.0,8,0,42.85
2726.779,302.558,10699,99.0,8,0,42.96
2736.022,302.951,10740,99.0,8,0,43.07
2745.265,303.893,10763,99.298,8,0,43.179
2754.509,304.913,10781,99.638,8,0,43.288
2763.752,305.931,10800,99.977,8,0,43.397
2772.995,306.361,10818,100.0,8,0,43.505
2782.239,306.748,10835,100.0,8,0,43.614
2791.482,307.47,10852,99.765,8,0,43.722
2800.725,308.816,10871,99.092,8,0,43.829
2809.969,309.232,10886,99.0,8,0,43.937
2819.212,309.5,10901,99.0,8,0,44.044
2828.455,309.769,10917,99.0,8,0,44.152
2837.698,310.061,10933,99.0,8,0,44.259
2846.942,310.507,10958,99.0,8,0,44.366
2856.185,310.953,10986,99.0,8,0,44.473
2865.428,311.476,10993,99.238,8,0,44.58
2874.672,312.008,10999,99.504,8,0,44.686
2883.915,312.539,11007,99.77,8,0,44.792
2893.158,313.035,11014,99.965,8,0,44.899
2902.402,313.301,11035,99.699,8,0,45.005
2911.645,313.566,11058,99.434,8,0,45.111
2920.888,313.832,11081,99.168,8,0,45.217
2930.132,314.0,11093,99.0,8,0,45.323
2939.375,314.0,11091,99.0,8,0,45.429
2948.618,314.0,11088,99.0,8,0,45.535
2957.862,313.787,11088,98.787,8,0,45.641
2967.105,313.492,11087,98.492,8,0,45.748
2976.348,313.196,11085,98.196,8,0,45.854
2985.592,312.819,11080,98.0,8,0,45.961
2994.835,312.285,11066,98.0,8,0,46.068
3004.078,311.75,11051,98.0,8,0,46.175
3013.321,311.215,11038,98.0,8,0,46.283
3022.565,310.732,11011,98.0,8,0,46.39
3031.808,310.285,10974,98.0,8,0,46.497
3041.051,309.51,10940,98.0,8,0,46.605
3050.295,308.162,10907,98.0,8,0,46.714
3059.538,306.946,10875,98.0,8,0,46.823
3068.781,306.558,10860,98.0,8,0,46.932
3078.025,306.169,10844,98.0,8,0,47.041
3087.268,305.378,10813,98.0,8,0,47.15
3096.511,304.278,10772,98.0,8,0,47.26
3105.755,304.0,10750,98.0,8,0,47.369
3114.998,304.0,10735,98.0,8,0,47.479
3124.241,302.979,10705,98.255,8,0,47.589
3133.485,301.128,10665,98.718,8,0,47.701
3142.728,300.0,10638,99.0,8,0,47.812
3151.971,300.0,10630,99.0,8,0,47.923
3161.215,300.0,10625,99.0,8,0,48.034
3170.458,300.0,10620,99.0,8,0,48.145
3179.701,300.254,10623,99.0,8,0,48.255
3188.945,300.867,10637,99.0,8,0,48.366
3198.188,301.479,10652,99.0,8,0,48.476
3207.431,301.918,10662,99.0,8,0,48.586
3216.674,301.366,10644,99.0,8,0,48.697
3225.918,301.104,10635,99.0,8,0,48.808
3235.161,301.41,10644,99.0,8,0,48.918
3244.404,301.716,10652,99.0,8,0,49.028
3253.648,302.033,10662,99.0,8,0,49.138
3262.891,302.49,10689,99.0,8,0,49.248
3272.134,302.948,10715,99.0,8,0,49.358
3281.378,303.243,10715,99.0,8,0,49.468
3290.621,303.516,10710,99.0,8,0,49.577
3299.864,303.79,10708,99.0,8,0,49.687
3309.108,304.0,10706,99.0,8,0,49.796
3318.351,304.0,10709,99.0,8,0,49.906
3327.594,304.0,10713,99.0,8,0,50.016
3336.838,304.0,10716,99.0,8,0,50.125
3346.081,304.295,10727,99.0,8,0,50.234
3355.324,304.806,10746,99.0,8,0,50.343
3364.568,305.314,10762,99.0,8,0,50.451
3373.811,305.822,10779,99.0,8,0,50.559
3383.054,306.33,10797,99.0,8,0,50.668
3392.298,306.839,10813,99.0,8,0,50.776
3401.541,307.0,10831,99.0,8,0,50.885
3410.784,307.088,10845,99.0,8,0,50.993
3420.027,307.537,10839,99.0,8,0,51.101
3429.271,307.985,10833,99.0,8,0,51.209
3438.514,308.0,10857,99.0,8,0,51.317
3447.757,308.0,10873,99.0,8,0,51.425
3457.001,308.0,10882,99.0,8,0,51.534
3466.244,308.386,10900,99.0,8,0,51.641
3475.487,308.984,10921,99.0,8,0,51.749
3484.731,309.581,10943,99.0,8,0,51.856
3493.974,310.114,10957,99.0,8,0,51.963
3503.217,310.495,10949,99.0,8,0,52.07
3512.461,310.875,10941,99.0,8,0,52.177
3521.704,311.0,10944,99.0,8,0,52.285
3530.947,311.0,10955,99.0,8,0,52.392
3540.191,311.0,10959,99.0,8,0,52.499
3549.434,311.0,10962,99.0,8,0,52.606
3558.677,311.0,10966,99.0,8,0,52.713
3567.921,311.0,10969,99.0,8,0,52.82
3577.164,310.687,10963,99.0,8,0,52.928
3586.407,310.239,10950,99.0,8,0,53.035
3595.65,310.0,10939,99.0,8,0,53.142
3604.894,310.0,10930,99.0,8,0,53.25
3614.137,310.0,10941,99.0,8,0,53.357
3623.38,310.0,10950,98.95,8,0,53.465
3632.624,310.0,10935,98.503,8,0,53.572
3641.867,310.0,10918,98.056,8,0,53.68
3651.11,308.819,10907,98.0,8,0,53.789
3660.354,307.47,10895,98.0,8,0,53.897
3669.597,306.409,10875,98.0,8,0,54.006
3678.84,305.501,10851,98.0,8,0,54.115
3688.084,304.195,10808,98.0,8,0,54.227
3697.327,302.415,10739,98.0,8,0,54.339
3706.57,300.635,10671,98.0,8,0,54.45
3715.814,298.854,10603,98.0,8,0,54.562
3725.057,298.0,10555,98.0,8,0,54.674
3734.3,298.0,10523,98.0,8,0,54.786
3743.544,297.19,10496,98.405,8,0,54.898
3752.787,296.066,10468,98.967,8,0,55.011
3762.03,296.663,10486,99.0,8,0,55.123
3771.274,297.0,10485,97.724,8,0,55.235
3780.517,297.0,10464,95.281,8,0,55.347
3789.76,297.0,10441,92.838,8,0,55.46
3799.003,295.606,10437,89.676,8,0,55.573
3808.247,293.77,10402,83.318,8,0,55.686
3817.49,292.822,10242,68.156,8,0,55.801
3826.733,291.497,10100,54.649,8,0,55.917
3835.977,287.843,10051,52.09,8,0,56.034
3845.22,284.134,10000,49.494,8,0,56.153
3854.463,280.986,9920,49.014,8,0,56.273
3863.707,278.604,9797,51.396,8,0,56.393
3872.95,276.865,9725,52.851,8,0,56.515
3882.193,275.341,9674,53.994,8,0,56.636
3891.437,273.837,9614,52.755,8,0,56.758
3900.68,272.471,9504,33.973,8,0,56.881
3909.923,271.098,9393,15.103,8,0,57.005
3919.167,269.284,9396,0.001,8,1,57.131
3928.41,265.823,9836,0.0,8,1,57.259
3937.653,262.264,10290,0.0,8,1,57.389
3946.897,258.387,10718,1.081,7,1,57.522
3956.14,251.124,10884,13.898,7,1,57.66
3965.383,243.783,11052,26.854,7,1,57.799
3974.627,240.68,11040,44.519,6,0,57.938
3983.87,238.97,10973,63.531,6,0,58.078
3993.113,238.093,10999,78.877,6,0,58.218
4002.356,237.214,11024,94.245,6,0,58.359
4011.6,237.265,11018,96.147,6,0,58.499
4020.843,237.615,10998,93.695,6,0,58.639
4030.086,237.966,10982,91.241,6,0,58.779
4039.33,238.0,11086,97.309,6,0,58.918
4048.573,241.241,11203,99.0,6,0,59.055
4057.816,243.992,11248,99.0,6,0,59.191
4067.06,245.672,11248,99.0,6,0,59.325
4076.303,247.087,11297,99.0,6,0,59.459
4085.546,247.507,11544,99.0,6,0,59.594
4094.79,247.928,11792,99.0,6,0,59.728
4104.033,248.0,11158,99.691,6,0,59.862
4113.276,250.071,10703,99.704,6,0,59.993
4122.52,253.321,10464,99.24,7,0,60.123
4131.763,256.177,10326,99.0,7,0,60.253
4141.006,258.321,10320,99.0,7,0,60.381
4150.25,259.6,10386,99.0,7,0,60.509
4159.493,261.622,10464,99.0,7,0,60.635
4168.736,263.97,10549,99.0,7,0,60.759
4177.979,266.299,10632,99.0,7,0,60.883
4187.223,268.605,10722,99.0,7,0,61.007
4196.466,270.017,10804,99.0,7,0,61.13
4205.709,271.276,10876,99.0,7,0,61.252
4214.953,272.655,10927,99.0,7,0,61.373
4224.196,274.023,10980,99.0,7,0,61.493
4233.439,275.387,11031,99.0,7,0,61.613
4242.683,277.23,11101,99.0,7,0,61.733
4251.926,279.309,11184,99.0,7,0,61.851
4261.169,280.784,11261,99.0,7,0,61.969
4270.413,282.251,11339,99.0,7,0,62.086
4279.656,284.004,11395,99.0,7,0,62.202
4288.899,286.06,11426,99.0,7,0,62.318
4298.143,288.0,11459,99.0,7,0,62.433
4307.386,288.0,11523,99.0,7,0,62.549
4316.629,288.703,11550,99.234,7,0,62.664
4325.873,290.875,11501,99.958,7,0,62.778
4335.116,291.336,11146,100.0,7,0,62.892
4344.359,291.692,10772,100.0,8,0,63.006
4353.603,292.274,10453,99.966,8,0,63.119
4362.846,294.289,10480,99.714,8,0,63.23
4372.089,296.302,10510,99.462,8,0,63.341
4381.332,298.313,10537,99.211,8,0,63.452
4390.576,300.109,10573,99.0,8,0,63.562
4399.819,300.801,10647,99.0,8,0,63.673
4409.062,301.786,10698,99.0,8,0,63.783
4418.306,302.889,10742,99.0,8,0,63.892
4427.549,304.047,10771,99.0,8,0,64.001
4436.792,305.213,10796,99.0,8,0,64.11
4446.036,306.194,10817,99.0,8,0,64.218
4455.279,306.793,10832,99.0,8,0,64.326
4464.522,307.392,10845,99.0,8,0,64.435
4473.766,307.99,10858,99.0,8,0,64.542
4483.009,308.528,10877,99.0,8,0,64.65
4492.252,309.065,10895,99.0,8,0,64.757
4501.496,309.602,10914,99.0,8,0,64.865
4510.739,310.274,10932,99.0,8,0,64.972
4519.982,311.34,10948,99.0,8,0,65.078
4529.226,312.0,10973,99.0,8,0,65.185
4538.469,312.0,11013,99.0,8,0,65.292
4547.712,312.592,11021,99.0,8,0,65.398
4556.956,313.128,11026,99.0,8,0,65.504
4566.199,313.459,11039,99.0,8,0,65.61
4575.442,313.79,11053,99.0,8,0,65.717
4584.685,314.097,11064,99.0,8,0,65.822
4593.929,314.361,11080,99.0,8,0,65.928
4603.172,314.625,11097,99.0,8,0,66.034
4612.415,314.889,11113,99.0,8,0,66.14
4621.659,315.381,11121,99.0,8,0,66.245
4630.902,316.052,11126,99.0,8,0,66.35
4640.145,316.924,11149,99.0,8,0,66.455
4649.389,317.796,11173,99.0,8,0,66.559
4658.632,318.0,11185,99.0,8,0,66.664
4667.875,318.0,11193,99.0,8,0,66.769
4677.119,318.024,11201,99.0,8,0,66.874
4686.362,318.284,11207,99.0,8,0,66.978
4695.605,318.544,11212,99.0,8,0,67.082
4704.849,318.804,11218,99.0,8,0,67.187
4714.092,319.0,11225,99.0,8,0,67.291
4723.335,319.0,11234,99.0,8,0,67.396
4732.579,319.0,11242,99.0,8,0,67.5
4741.822,319.0,11250,99.0,8,0,67.604
4751.065,319.0,11252,99.0,8,0,67.709
4760.308,319.0,11251,99.0,8,0,67.813
4769.552,319.0,11245,99.0,8,0,67.918
4778.795,319.0,11235,99.0,8,0,68.022
4788.038,319.0,11227,99.0,8,0,68.127
4797.282,319.0,11230,99.0,8,0,68.231
4806.525,319.0,11238,99.0,8,0,68.335
4815.768,319.0,11245,99.0,8,0,68.44
4825.012,319.0,11247,99.0,8,0,68.544
4834.255,319.0,11248,99.0,8,0,68.649
4843.498,319.0,11248,99.0,8,0,68.753
4852.742,319.0,11248,99.0,8,0,68.857
4861.985,319.0,11235,80.592,8,0,68.961
4871.228,319.0,11222,60.316,8,0,69.066
4880.472,319.0,11208,40.037,8,0,69.17
4889.715,318.511,11193,19.972,8,0,69.277
4898.958,311.835,11138,5.951,8,0,69.386
4908.202,304.732,11256,0.0,8,1,69.498
4917.445,297.351,11498,0.0,8,1,69.612
4926.688,291.213,11597,0.0,8,1,69.731
4935.932,285.277,11662,0.0,8,1,69.851
4945.175,279.651,11756,0.437,7,1,69.971
4954.418,276.636,12044,4.204,6,0,70.093
4963.661,271.915,12037,13.713,6,0,70.22
4972.905,266.556,11948,25.146,6,0,70.349
4982.148,261.187,11858,36.601,6,0,70.479
4991.391,259.852,11824,42.929,6,0,70.61
5000.635,258.657,11791,49.107,6,0,70.743
5009.878,257.445,11758,55.37,6,0,70.877
5019.121,256.232,11726,61.636,6,0,71.011
5028.365,255.009,11693,67.956,6,0,71.146
5037.608,253.781,11659,74.299,6,0,71.281
5046.851,252.553,11627,80.641,6,0,71.416
5056.095,251.332,11594,86.951,6,0,71.55
5065.338,250.112,11561,93.257,6,0,71.684
5074.581,249.037,11537,99.0,6,0,71.818
5083.825,249.452,11595,99.0,6,0,71.951
5093.068,249.868,11654,99.0,6,0,72.084
5102.311,251.357,11673,99.0,6,0,72.216
5111.555,253.238,11571,99.0,6,0,72.347
5120.798,254.636,10972,99.0,6,0,72.477
5130.041,256.035,10390,99.006,7,0,72.605
5139.285,258.147,10450,99.358,7,0,72.732
5148.528,260.259,10510,99.71,7,0,72.859
5157.771,262.388,10573,100.0,7,0,72.984
5167.014,264.613,10639,100.0,7,0,73.109
5176.258,266.839,10707,100.0,7,0,73.233
5185.501,268.432,10778,99.642,7,0,73.356
5194.744,269.974,10848,99.257,7,0,73.479
5203.988,271.555,10917,99.0,7,0,73.6
5213.231,273.235,10983,99.0,7,0,73.721
5222.474,274.904,11048,99.0,7,0,73.841
5231.718,276.765,11106,99.0,7,0,73.96
5240.961,278.986,11151,99.0,7,0,74.079
5250.204,279.981,11212,99.0,7,0,74.198
5259.448,280.967,11272,99.0,7,0,74.316
5268.691,281.0,11290,99.0,7,0,74.435
5277.934,282.283,11319,99.0,7,0,74.551
5287.178,284.359,11356,99.0,7,0,74.667
5296.421,286.242,11399,99.0,7,0,74.783
5305.664,287.398,11462,99.0,7,0,74.899
5314.908,288.393,11514,99.0,7,0,75.014
5324.151,289.213,11552,99.0,7,0,75.129
5333.394,290.032,11585,98.15,7,0,75.242
5342.637,290.879,11496,75.866,7,0,75.355
5351.881,291.73,11406,53.45,7,0,75.469
5361.124,292.585,11314,30.937,7,0,75.585
5370.367,285.981,11028,14.602,7,0,75.709
5379.611,272.609,10563,4.314,7,0,75.837
5388.854,250.484,9884,0.0,7,1,75.981
5398.097,226.476,9329,0.0,7,1,76.141
5407.341,207.648,9104,0.0,7,1,76.326
5416.584,188.028,9500,0.0,7,1,76.526
5425.827,168.098,9922,0.0,7,1,76.739
5435.071,156.49,10318,0.0,7,1,76.962
5444.314,141.88,9972,0.0,6,1,77.211
5453.557,130.745,8985,0.0,3,1,77.477
5462.801,121.915,8394,0.0,3,1,77.758
5472.044,115.255,8257,1.739,3,0,78.052
5481.287,112.204,7989,15.492,3,0,78.354
5490.531,110.136,8105,37.552,3,0,78.654
5499.774,116.435,8247,53.388,3,0,78.921
5509.017,125.212,8683,52.035,3,0,79.185
5518.261,126.47,9185,24.364,3,0,79.446
5527.504,127.716,8931,7.043,3,0,79.71
5536.747,125.811,9184,24.301,3,0,79.971
5545.99,127.586,9429,40.274,3,0,80.227
5555.234,131.196,9755,59.182,3,0,80.474
5564.477,137.379,10429,70.531,3,0,80.707
5573.72,144.183,11046,80.693,3,0,80.927
5582.964,151.937,11392,93.817,3,0,81.135
5592.207,160.873,11209,99.0,3,0,81.332
5601.45,170.122,10782,99.0,3,0,81.519
5610.694,176.825,10853,99.0,3,0,81.701
5619.937,183.438,10825,99.0,4,0,81.877
5629.18,190.335,10448,99.0,5,0,82.049
5638.424,195.855,10538,99.0,5,0,82.216
5647.667,202.381,10779,99.0,5,0,82.375
5656.91,208.047,11049,99.0,5,0,82.531
5666.154,213.423,11269,99.0,5,0,82.685
5675.397,217.22,11069,99.0,5,0,82.836
5684.64,221.542,10618,99.0,5,0,82.984
5693.884,225.322,10404,99.0,5,0,83.13
5703.127,228.165,10568,99.0,6,0,83.275
5712.37,229.962,10796,99.0,6,0,83.419
5721.614,233.477,10874,99.0,6,0,83.559
5730.857,236.676,10941,99.0,6,0,83.698
5740.1,239.635,11003,99.0,6,0,83.836
5749.343,242.11,11100,99.0,6,0,83.972
5758.587,244.232,11231,99.0,6,0,84.105
5767.83,247.15,11355,99.0,6,0,84.237
5777.073,250.068,11477,99.0,6,0,84.37
5786.317,252.557,11600,99.0,6,0,84.501
5795.56,254.5,11652,99.0,6,0,84.63
5804.803,258.514,11204,99.0,6,0,84.758
5814.047,260.858,10910,99.0,6,0,84.884
5823.29,262.962,10639,99.0,7,0,85.01
