Turn,TurnTime,BrakingPoint,BrakingDistance,BrakingDuration,EntrySpeed,ApexSpeed,ExitSpeed
1,1.205,,,,306.261,303.705,303.248
2,1.198,,,,305.961,305.0,305.0
3,1.854,37.272,73.947,1.596,291.113,130.299,124.533
4,3.23,42.695,36.973,1.172,136.99,89.756,116.978
5,1.593,,,,192.08,200.355,243.515
6,2.524,109.776,120.163,1.805,258.727,180.957,182.465
7,4.009,107.438,55.46,1.225,144.759,120.316,156.71
8,1.312,,,,267.195,268.52,286.051
9,1.082,,,,312.819,305.378,304.278
10,1.192,,,,310.687,305.501,304.195
11,1.218,,,,310.0,297.19,296.066
12,1.289,,,,297.0,276.865,275.341
13,1.648,58.939,46.217,0.668,269.284,237.214,237.966
14,1.3,,,,245.672,247.087,266.299
15,1.783,81.82,36.973,0.473,285.277,253.781,252.553
16,2.373,39.155,73.947,1.777,285.981,115.255,112.204
17,2.655,,,,121.915,110.136,144.183
18,1.718,,,,176.825,183.438,233.477
