Turn, StartDistance, EndDistance, BrakingDuration, BrakingDistance, BrakingPoint
   1,         0.0  ,       0.0  ,           0.0  ,           0.0  ,        0.0
   2,         0.0  ,       0.0  ,           0.0  ,           0.0  ,        0.0
   3,       804.169,     859.629,           1.243,          55.46 ,       37.272
   4,       952.062,     998.278,           1.324,          46.217,       70.425
   5,         0.0  ,       0.0  ,           0.0  ,           0.0  ,        0.0
   6,      1857.907,    1941.097,           1.261,          83.19 ,       91.289
   7,      2061.26 ,    2116.72 ,           1.291,          55.46 ,      107.439
   8,         0.0  ,       0.0  ,           0.0  ,           0.0  ,        0.0
   9,         0.0  ,       0.0  ,           0.0  ,           0.0  ,        0.0
  10,         0.0  ,       0.0  ,           0.0  ,           0.0  ,        0.0
  11,         0.0  ,       0.0  ,           0.0  ,           0.0  ,        0.0
  12,         0.0  ,       0.0  ,           0.0  ,           0.0  ,        0.0
  13,      3900.68 ,    3909.923,           0.131,           9.243,       77.426
  14,         0.0  ,       0.0  ,           0.0  ,           0.0  ,        0.0
  15,      4889.715,    4926.688,           0.45 ,          36.973,      100.307
  16,      5351.881,    5453.557,           2.16 ,         101.676,       76.129
  17,         0.0  ,       0.0  ,           0.0  ,           0.0  ,        0.0
  18,         0.0  ,       0.0  ,           0.0  ,           0.0  ,        0.0
