Segment,NumberOfShifts,LowestGear,HighestGear,MinimumRPM,MaximumRPM,MeanRPM,StdRPM
0,1,7,8,10537,11637,10921.612,304.994
1,0,8,8,10711,10823,10772.059,39.933
2,1,5,8,9441,11280,10569.423,440.957
3,1,3,3,6812,10960,9048.895,1119.386
4,2,3,5,6682,11454,10055.3,1580.8
5,5,5,8,10345,11756,11118.788,309.866
6,1,4,4,7423,12019,10162.375,1757.242
7,3,4,7,7634,11716,10745.946,976.542
8,1,7,8,10485,11624,11008.672,291.138
9,0,8,8,10538,10909,10736.219,112.718
10,0,8,8,10678,10853,10762.833,70.613
11,0,8,8,9985,10710,10388.4,196.511
12,2,6,8,9469,11209,10235.188,618.695
13,0,6,6,10673,11733,11178.933,321.221
14,4,6,8,10443,11711,11098.543,275.199
15,1,6,7,8920,11675,10964.042,631.336
16,2,3,4,7996,9634,8736.333,622.072
17,2,3,5,9594,11554,10823.375,692.478
18,2,5,7,10585,11672,11114.222,335.756
