Segment, SegmentTime, MeanSpeed, StdSpeed, MaximumSpeed, MinimumSpeed, MeanThrottle, StdThrottle, FullThrottlePercentage, NumberOfShifts, LowestGear, HighestGear, MinimumRPM, MaximumRPM, MeanRPM  , StdRPM
      0,       5.392,   295.514,   12.414,      309.0  ,      267.119,       98.733,       0.437,                100.0  ,              1,          7,           8,      10537,      11638, 10922.122,  305.017
      1,       1.744,   305.143,    1.588,      307.0  ,      303.056,       98.7  ,       0.446,                100.0  ,              0,          8,           8,      10711,      10824, 10772.412,   39.855
      2,       3.338,   273.366,   50.656,      306.081,      154.465,       71.11 ,      41.28 ,                 61.538,              1,          5,           8,       9441,      11281, 10569.846,  440.967
      3,       4.783,   127.829,   15.155,      151.532,       96.295,       19.329,      29.812,                  0.0  ,              1,          3,           3,       6812,      10961,  9049.316, 1119.522
      4,       4.021,   165.436,   47.118,      228.795,       91.81 ,       84.75 ,      25.78 ,                 65.0  ,              2,          3,           5,       6682,      11455, 10055.8  , 1580.747
      5,       9.263,   286.122,   29.043,      318.0  ,      207.771,       86.17 ,      32.851,                 86.25 ,              5,          5,           8,      10345,      11757, 11119.35 ,  309.962
      6,       4.728,   168.496,   28.465,      202.908,      119.082,       23.391,      31.043,                  0.0  ,              1,          4,           4,       7423,      12020, 10162.875, 1757.302
      7,       5.619,   220.094,   48.3  ,      277.84 ,      120.806,       94.835,      11.76 ,                 83.784,              3,          4,           7,       7635,      11717, 10746.514,  976.515
      8,       6.236,   303.61 ,   10.281,      315.805,      279.318,       98.883,       0.305,                100.0  ,              1,          7,           8,      10485,      11625, 11009.224,  291.174
      9,       6.89 ,   304.58 ,    3.41 ,      308.905,      298.271,       98.992,       0.044,                100.0  ,              0,          8,           8,      10538,      10909, 10736.75 ,  112.718
     10,       0.55 ,   303.783,    2.521,      307.322,      300.608,       98.06 ,       0.093,                100.0  ,              0,          8,           8,      10678,      10854, 10763.167,   70.805
     11,       1.591,   294.129,    5.436,      299.501,      282.472,       85.259,      16.964,                 53.333,              0,          8,           8,       9985,      10711, 10388.8  ,  196.561
     12,       1.947,   260.826,   15.428,      279.987,      233.329,       37.627,      26.257,                  0.0  ,              2,          6,           8,       9469,      11210, 10235.75 ,  618.763
     13,       1.905,   243.537,    8.902,      258.276,      232.381,       94.668,       8.516,                 80.0  ,              0,          6,           6,      10674,      11734, 11179.6  ,  321.294
     14,      10.276,   301.81 ,   18.826,      320.768,      259.473,       88.132,      29.594,                 87.234,              4,          6,           8,      10443,      11712, 11099.106,  275.267
     15,       6.206,   257.012,   30.247,      287.421,      143.796,       74.595,      36.461,                 54.167,              1,          6,           7,       8920,      11675, 10964.625,  631.419
     16,       2.228,   121.396,    9.41 ,      134.823,      111.0  ,       22.407,      26.306,                  0.0  ,              2,          3,           4,       7996,       9635,  8736.889,  622.297
     17,       2.969,   168.614,   29.625,      213.923,      131.0  ,       78.48 ,      29.055,                 56.25 ,              2,          3,           5,       9594,      11555, 10824.0  ,  692.74
     18,       2.304,   244.021,   15.047,      265.837,      217.834,       98.526,       0.506,                100.0  ,              2,          5,           7,      10585,      11673, 11114.667,  336.001
