Segment,StartDistance,EndDistance,SegmentTime,MeanSpeed,StdSpeed,MaximumSpeed,MinimumSpeed,MeanThrottle,StdThrottle,FullThrottlePercentage,NumberOfShifts,LowestGear,HighestGear,MinimumRPM,MaximumRPM,MeanRPM,StdRPM
0,0.0,718.865,8.406,308.654,13.502,323.0,273.116,92.647,21.778,86.905,1,7,8,10342,11836,11178.976,332.856
1,718.865,830.361,1.904,220.168,27.329,265.373,185.286,5.479,9.032,0.0,3,5,8,9816,10659,10285.231,253.067
2,830.361,1063.112,3.942,212.065,24.975,248.689,175.0,89.059,22.485,77.778,1,5,6,9541,11838,10901.556,739.658
3,1063.112,1197.159,1.998,248.365,7.298,254.93,233.134,69.352,18.929,18.75,0,6,6,10923,12004,11676.125,369.464
4,1197.159,1364.077,2.573,234.064,5.676,242.827,225.316,72.246,24.166,36.842,0,6,6,10766,11357,11071.789,212.931
5,1364.077,1521.509,2.503,228.876,9.095,239.0,205.638,51.721,26.911,5.263,1,5,6,10634,11467,11033.316,205.927
6,1521.509,1841.732,5.107,226.395,20.518,251.836,192.259,86.001,28.212,72.973,2,5,7,10356,11943,11074.622,453.344
7,1841.732,2265.843,5.519,277.355,9.817,288.0,253.864,93.091,18.227,87.755,0,7,7,10586,11776,11374.204,365.358
8,2265.843,2412.668,2.533,230.115,39.726,267.892,150.429,50.805,40.364,17.647,1,4,7,9756,10737,10343.647,266.319
9,2412.668,2743.644,5.705,214.516,43.651,263.76,131.648,91.314,22.836,84.615,5,3,7,9794,11655,10985.538,433.235
10,2743.644,2889.669,3.693,185.398,74.809,263.893,73.653,26.218,42.788,17.647,3,2,7,6140,10873,9537.882,1588.497
11,2889.669,3146.601,5.653,181.37,55.456,245.421,71.503,88.973,20.306,76.667,4,2,6,6294,11854,10519.6,1594.628
12,3146.601,3784.835,8.31,278.165,15.17,295.953,244.872,84.68,33.258,81.081,4,6,8,9973,11840,10972.108,532.798
13,3784.835,3947.333,2.838,212.564,21.454,238.947,171.126,28.964,35.28,0.0,2,4,6,10566,10998,10790.842,130.539
14,3947.333,5000.455,13.863,276.86,33.802,303.0,169.643,98.668,4.81,98.374,4,4,8,10385,11765,10971.301,396.634
15,5000.455,5379.615,6.733,245.324,77.657,297.0,88.0,66.169,44.742,61.364,3,2,8,7762,10601,10080.841,787.659
16,5379.615,5461.516,2.396,123.642,20.33,158.953,103.584,59.0,34.421,30.0,1,3,3,7715,11618,9449.9,1549.587
17,5461.516,5628.378,2.83,211.411,22.401,241.626,166.473,99.299,0.365,100.0,3,4,6,10805,11657,11203.842,238.591
18,5628.378,5761.551,1.83,260.586,9.58,275.309,244.124,99.016,0.061,100.0,1,6,7,10576,11438,10992.188,272.787
