Turn, TurnTime, BrakingPoint, BrakingDistance, BrakingDuration, EntrySpeed, ApexSpeed, ExitSpeed
   1,    1.251,       31.944,          94.452,           1.404,    316.85 ,   226.0  ,   218.83
   2,    2.012,             ,                ,                ,    218.83 ,   175.0  ,   188.211
   3,    1.488,             ,                ,                ,    237.207,   239.046,   254.0
   4,    1.507,             ,                ,                ,    249.991,   225.316,   229.825
   5,    1.593,             ,                ,                ,    242.827,   228.0  ,   230.018
   6,    1.801,       53.215,          42.933,           0.711,    239.0  ,   192.259,   193.286
   7,    1.332,             ,                ,                ,    247.558,   248.334,   263.927
   8,    1.209,       33.349,          51.519,           0.718,    287.242,   255.966,   253.581
   9,    2.723,       68.55 ,          68.692,           1.415,    222.547,   131.648,   156.727
  10,    1.291,             ,                ,                ,    259.497,   260.651,   244.286
  11,    4.889,       99.052,          85.865,           2.396,    157.551,    71.503,   128.081
  12,    1.378,             ,                ,                ,    232.431,   235.423,   251.0
  13,    1.782,       66.874,          68.692,           0.975,    276.479,   227.553,   230.393
  14,    2.776,       91.988,          68.692,           1.24 ,    206.191,   169.643,   197.621
  15,    1.148,             ,                ,                ,    301.0  ,   295.134,   295.569
  16,    5.146,      124.668,          85.865,           2.122,    113.221,    88.0  ,   128.763
  17,    2.368,             ,                ,                ,    106.629,   112.12 ,   199.601
  18,    1.384,             ,                ,                ,    223.992,   227.33 ,   258.257
