FeatureX              , FeatureY   , Pearson, PearsonP, Spearman, SpearmanP
MeanSpeed             , SegmentTime, -0.74  ,    0.0  , -0.656  ,     0.002
MeanThrottle          , SegmentTime, -0.557 ,    0.013, -0.493  ,     0.032
MinimumSpeed          , SegmentTime, -0.47  ,    0.042, -0.654  ,     0.002
StdRPM                , SegmentTime, -0.452 ,    0.052, -0.167  ,     0.495
LowestGear            , SegmentTime, -0.442 ,    0.058, -0.513  ,     0.025
FullThrottlePercentage, SegmentTime, -0.391 ,    0.097, -0.425  ,     0.07
MaximumRPM            , SegmentTime, -0.368 ,    0.121, -0.228  ,     0.347
StdSpeed              , SegmentTime, 0.352  ,    0.139, 0.419   ,     0.074
MeanRPM               , SegmentTime, -0.342 ,    0.152, -0.046  ,     0.853
MaximumSpeed          , SegmentTime, -0.332 ,    0.165, -0.332  ,     0.166
MinimumRPM            , SegmentTime, 0.156  ,    0.524, -0.088  ,     0.721
HighestGear           , SegmentTime, 0.103  ,    0.675, 0.165   ,     0.501
NumberOfShifts        , SegmentTime, -0.032 ,    0.897, -0.037  ,     0.881
StdThrottle           , SegmentTime, 0.023  ,    0.927, 0.121   ,     0.622
