FeatureX              , FeatureY              , Pearson, PearsonP, Spearman, SpearmanP
MaximumRPM            , MeanRPM               , 0.935  ,    0.0  , 0.581   ,     0.009
MeanThrottle          , FullThrottlePercentage, 0.854  ,    0.0  , 0.873   ,     0.0
MaximumRPM            , StdRPM                , 0.7    ,    0.001, 0.414   ,     0.078
MeanSpeed             , MeanThrottle          , 0.664  ,    0.002, 0.591   ,     0.008
MeanSpeed             , MinimumSpeed          , 0.66   ,    0.002, 0.581   ,     0.009
StdSpeed              , MinimumSpeed          , -0.644 ,    0.003, -0.661  ,     0.002
MaximumSpeed          , MaximumRPM            , 0.616  ,    0.005, 0.181   ,     0.459
FullThrottlePercentage, MaximumRPM            , 0.607  ,    0.006, 0.48    ,     0.038
StdSpeed              , MaximumSpeed          , 0.588  ,    0.008, 0.24    ,     0.322
FullThrottlePercentage, MeanRPM               , 0.587  ,    0.008, 0.328   ,     0.171
MaximumSpeed          , StdRPM                , 0.58   ,    0.009, 0.147   ,     0.547
MeanThrottle          , MeanRPM               , 0.567  ,    0.011, 0.277   ,     0.251
MeanSpeed             , MaximumSpeed          , 0.544  ,    0.016, 0.621   ,     0.005
MinimumRPM            , MeanRPM               , 0.537  ,    0.018, 0.726   ,     0.0
MeanSpeed             , MaximumRPM            , 0.534  ,    0.019, 0.51    ,     0.026
MeanThrottle          , MaximumRPM            , 0.533  ,    0.019, 0.313   ,     0.191
MeanSpeed             , MeanRPM               , 0.511  ,    0.025, 0.337   ,     0.158
MeanRPM               , StdRPM                , 0.487  ,    0.034, -0.047  ,     0.847
MaximumSpeed          , MeanRPM               , 0.484  ,    0.036, -0.019  ,     0.937
MeanSpeed             , FullThrottlePercentage, 0.483  ,    0.036, 0.628   ,     0.004
MaximumSpeed          , MeanThrottle          , 0.468  ,    0.043, 0.209   ,     0.391
MinimumSpeed          , MeanRPM               , 0.463  ,    0.046, 0.128   ,     0.601
MinimumSpeed          , MeanThrottle          , 0.454  ,    0.051, 0.493   ,     0.032
MeanSpeed             , StdRPM                , 0.443  ,    0.057, 0.216   ,     0.375
MinimumRPM            , StdRPM                , -0.43  ,    0.066, -0.456  ,     0.05
FullThrottlePercentage, StdRPM                , 0.428  ,    0.068, 0.207   ,     0.395
MaximumSpeed          , FullThrottlePercentage, 0.418  ,    0.075, 0.263   ,     0.276
MinimumSpeed          , FullThrottlePercentage, 0.418  ,    0.075, 0.492   ,     0.033
StdThrottle           , StdRPM                , 0.416  ,    0.077, 0.554   ,     0.014
MinimumSpeed          , MaximumRPM            , 0.394  ,    0.095, 0.059   ,     0.811
StdThrottle           , FullThrottlePercentage, 0.39   ,    0.099, 0.144   ,     0.555
MeanThrottle          , StdRPM                , 0.309  ,    0.198, -0.025  ,     0.92
MinimumRPM            , MaximumRPM            , 0.305  ,    0.205, 0.277   ,     0.252
MeanSpeed             , StdSpeed              , -0.3   ,    0.212, -0.291  ,     0.226
StdThrottle           , MaximumRPM            , 0.288  ,    0.232, 0.398   ,     0.092
MeanThrottle          , MinimumRPM            , 0.257  ,    0.288, 0.219   ,     0.367
MinimumSpeed          , StdRPM                , 0.241  ,    0.321, 0.149   ,     0.542
StdThrottle           , MinimumRPM            , -0.236 ,    0.332, -0.244  ,     0.314
MinimumSpeed          , StdThrottle           , 0.235  ,    0.333, 0.189   ,     0.437
StdSpeed              , StdRPM                , 0.208  ,    0.392, 0.191   ,     0.433
FullThrottlePercentage, MinimumRPM            , 0.206  ,    0.397, 0.248   ,     0.307
StdThrottle           , MeanRPM               , 0.16   ,    0.512, 0.002   ,     0.994
StdSpeed              , MaximumRPM            , 0.134  ,    0.586, 0.119   ,     0.626
MeanThrottle          , StdThrottle           , 0.116  ,    0.638, 0.023   ,     0.926
MinimumSpeed          , MinimumRPM            , 0.108  ,    0.66 , 0.112   ,     0.647
MaximumSpeed          , MinimumRPM            , 0.075  ,    0.759, -0.147  ,     0.547
MaximumSpeed          , MinimumSpeed          , 0.071  ,    0.773, 0.121   ,     0.622
StdSpeed              , MeanThrottle          , -0.034 ,    0.89 , -0.218  ,     0.371
StdSpeed              , MinimumRPM            , 0.032  ,    0.898, -0.014  ,     0.955
MaximumSpeed          , StdThrottle           , 0.026  ,    0.916, -0.24   ,     0.322
MeanSpeed             , StdThrottle           , 0.026  ,    0.917, -0.063  ,     0.797
StdSpeed              , FullThrottlePercentage, 0.023  ,    0.925, -0.174  ,     0.475
StdSpeed              , StdThrottle           , -0.009 ,    0.969, 0.058   ,     0.814
MeanSpeed             , MinimumRPM            , -0.005 ,    0.985, 0.147   ,     0.547
StdSpeed              , MeanRPM               , -0.005 ,    0.985, -0.014  ,     0.955
