Segment, TimeDelta, PossibleMainContributor, ContributorScore, Direction
     14, -0.264   , MeanSpeed              ,            0.837, higher for ALO
     14, -0.264   , MinimumSpeed           ,            0.608, higher for ALO
     14, -0.264   , StdSpeed               ,            0.607, lower for ALO
     14, -0.264   , FullThrottlePercentage ,            0.26 , higher for ALO
     14, -0.264   , MaximumSpeed           ,            0.219, higher for ALO
     16, -0.22    , MaximumSpeed           ,            3.973, higher for ALO
     16, -0.22    , MeanSpeed              ,            2.964, higher for ALO
     16, -0.22    , MaximumRPM             ,            2.452, higher for ALO
     16, -0.22    , MeanThrottle           ,            2.289, higher for ALO
     16, -0.22    , FullThrottlePercentage ,            1.919, higher for ALO
     15, 0.187    , MeanSpeed              ,            2.153, lower for ALO
     15, 0.187    , LowestGear             ,            1.888, lower for ALO
     15, 0.187    , StdSpeed               ,            1.563, higher for ALO
     15, 0.187    , MeanThrottle           ,            0.813, lower for ALO
     15, 0.187    , MinimumSpeed           ,            0.629, lower for ALO
     13, -0.111   , HighestGear            ,            1.165, lower for ALO
     13, -0.111   , MinimumSpeed           ,            0.326, higher for ALO
     13, -0.111   , MeanSpeed              ,            0.129, higher for ALO
     13, -0.111   , StdSpeed               ,            0.128, lower for ALO
     13, -0.111   , MaximumSpeed           ,            0.126, higher for ALO
      6, -0.094   , FullThrottlePercentage ,            0.692, higher for ALO
      6, -0.094   , MeanSpeed              ,            0.661, higher for ALO
      6, -0.094   , MaximumRPM             ,            0.519, higher for ALO
      6, -0.094   , MeanThrottle           ,            0.487, higher for ALO
      6, -0.094   , MaximumSpeed           ,            0.329, higher for ALO
     17, -0.087   , MinimumSpeed           ,            3.244, higher for ALO
     17, -0.087   , MeanSpeed              ,            2.418, higher for ALO
     17, -0.087   , LowestGear             ,            1.888, higher for ALO
     17, -0.087   , StdSpeed               ,            1.054, lower for ALO
     17, -0.087   , MaximumSpeed           ,            0.712, higher for ALO
      7, -0.085   , LowestGear             ,            1.888, higher for ALO
      7, -0.085   , MeanSpeed              ,            0.634, higher for ALO
      7, -0.085   , MinimumSpeed           ,            0.481, higher for ALO
      7, -0.085   , MeanThrottle           ,            0.206, higher for ALO
      7, -0.085   , StdSpeed               ,            0.201, lower for ALO
      1, -0.083   , StdSpeed               ,            1.231, lower for ALO
      1, -0.083   , MinimumSpeed           ,            1.118, higher for ALO
      1, -0.083   , MeanThrottle           ,            0.447, higher for ALO
      1, -0.083   , MeanSpeed              ,            0.136, higher for ALO
      1, -0.083   , MeanRPM                ,            0.003, higher for ALO
      0, -0.07    , MeanSpeed              ,            0.328, higher for ALO
      0, -0.07    , MaximumRPM             ,            0.256, higher for ALO
      0, -0.07    , MaximumSpeed           ,            0.123, higher for ALO
      0, -0.07    , StdRPM                 ,            0.027, higher for ALO
      0, -0.07    , MeanRPM                ,            0.024, higher for ALO
     11, -0.053   , MeanSpeed              ,            1.281, higher for ALO
     11, -0.053   , FullThrottlePercentage ,            0.426, higher for ALO
     11, -0.053   , MeanThrottle           ,            0.401, higher for ALO
     11, -0.053   , MaximumRPM             ,            0.398, higher for ALO
     11, -0.053   , MaximumSpeed           ,            0.308, higher for ALO
      9, -0.044   , MeanSpeed              ,            0.634, higher for ALO
      9, -0.044   , MeanThrottle           ,            0.595, higher for ALO
      9, -0.044   , FullThrottlePercentage ,            0.328, higher for ALO
      9, -0.044   , MaximumRPM             ,            0.292, higher for ALO
      9, -0.044   , MeanRPM                ,            0.176, higher for ALO
     10, 0.042    , LowestGear             ,            1.888, lower for ALO
     10, 0.042    , MeanSpeed              ,            1.464, lower for ALO
     10, 0.042    , MeanThrottle           ,            1.284, lower for ALO
     10, 0.042    , MinimumSpeed           ,            1.118, lower for ALO
     10, 0.042    , StdSpeed               ,            1.084, higher for ALO
      4, -0.032   , FullThrottlePercentage ,            0.673, higher for ALO
      4, -0.032   , MeanThrottle           ,            0.603, higher for ALO
      4, -0.032   , MeanSpeed              ,            0.208, higher for ALO
      4, -0.032   , MaximumSpeed           ,            0.141, higher for ALO
      4, -0.032   , MinimumSpeed           ,            0.138, higher for ALO
      5, -0.023   , MeanSpeed              ,            0.517, higher for ALO
      5, -0.023   , MaximumSpeed           ,            0.176, higher for ALO
      5, -0.023   , StdThrottle            ,            0.119, lower for ALO
      5, -0.023   , MeanRPM                ,            0.032, higher for ALO
      5, -0.023   , StdSpeed               ,            0.0  , higher for ALO
      3, 0.023    , MeanThrottle           ,            1.389, lower for ALO
      3, 0.023    , MinimumSpeed           ,            0.72 , lower for ALO
      3, 0.023    , StdSpeed               ,            0.587, higher for ALO
      3, 0.023    , FullThrottlePercentage ,            0.4  , lower for ALO
      3, 0.023    , StdThrottle            ,            0.012, higher for ALO
     18, -0.013   , MeanSpeed              ,            1.014, higher for ALO
     18, -0.013   , MinimumSpeed           ,            0.741, higher for ALO
     18, -0.013   , MaximumSpeed           ,            0.472, higher for ALO
     18, -0.013   , StdSpeed               ,            0.113, lower for ALO
     18, -0.013   , MeanRPM                ,            0.022, higher for ALO
     12, -0.008   , MaximumRPM             ,            0.197, higher for ALO
     12, -0.008   , StdRPM                 ,            0.173, higher for ALO
     12, -0.008   , StdSpeed               ,            0.154, lower for ALO
     12, -0.008   , NumberOfShifts         ,            0.126, higher for ALO
     12, -0.008   , MinimumRPM             ,            0.074, lower for ALO
      8, 0.005    , MaximumRPM             ,            2.134, lower for ALO
      8, 0.005    , MinimumSpeed           ,            2.003, lower for ALO
      8, 0.005    , LowestGear             ,            1.888, lower for ALO
      8, 0.005    , StdSpeed               ,            1.524, higher for ALO
      8, 0.005    , HighestGear            ,            1.165, higher for ALO
      2, -0.003   , MinimumSpeed           ,            0.453, higher for ALO
      2, -0.003   , StdSpeed               ,            0.199, lower for ALO
      2, -0.003   , MeanSpeed              ,            0.151, higher for ALO
      2, -0.003   , MeanRPM                ,            0.024, higher for ALO
      2, -0.003   , MaximumRPM             ,            0.002, higher for ALO
