FeatureX       , FeatureY       , Pearson, PearsonP, Spearman, SpearmanP
BrakingDistance, BrakingDuration, 0.955  ,    0.0  , 0.919   ,     0.0
EntrySpeed     , ExitSpeed      , -0.633 ,    0.005, -0.517  ,     0.028
BrakingPoint   , BrakingDistance, 0.581  ,    0.011, 0.511   ,     0.03
EntrySpeed     , ApexSpeed      , 0.532  ,    0.023, 0.298   ,     0.229
BrakingPoint   , ApexSpeed      , -0.481 ,    0.043, -0.519  ,     0.027
BrakingPoint   , BrakingDuration, 0.443  ,    0.066, 0.32    ,     0.196
BrakingPoint   , EntrySpeed     , -0.307 ,    0.215, -0.121  ,     0.631
BrakingDuration, EntrySpeed     , 0.303  ,    0.221, 0.376   ,     0.124
BrakingDuration, ExitSpeed      , -0.166 ,    0.511, -0.181  ,     0.471
BrakingDuration, ApexSpeed      , 0.12   ,    0.635, 0.211   ,     0.402
BrakingDistance, EntrySpeed     , 0.07   ,    0.782, 0.187   ,     0.457
BrakingDistance, ExitSpeed      , 0.043  ,    0.865, 0.017   ,     0.947
ApexSpeed      , ExitSpeed      , 0.022  ,    0.93 , 0.117   ,     0.645
BrakingDistance, ApexSpeed      , 0.02   ,    0.938, 0.114   ,     0.651
BrakingPoint   , ExitSpeed      , -0.004 ,    0.987, 0.022   ,     0.93
